QLASH Olympus,#8GQ2G028
QLASH Chronos,#8GLJ20QQ
QLASH Zeus,#8GR8QLLV
QLASH Hades,#8R9PV8O2
QLASH Demeter,#8RQRGPPR
QLASH Aphrodite,#2CJLJUPV
QLASH Hermes,#8CQ29UV8
QLASH Ares,#98VQUC8R
QLASH Apollo,#8URR8RPV
QLASH Eros,#89QP2LJL
QLASH Athena,#RYRLPV98
QLASH Egypt 1,#RO2VOLY
QLASH Egypt 2,#GV9R8G2
QLASH Egypt 3,#22L8QJ9Q
QLASH Egypt 4,#2VYGVJLV
QLASH Egypt 5,#CG82RYQ9
QLASH Malta,#9CUURQ2
QLASH Croatia 1,#G2P8L9J0
QLASH Croatia 2,#R09VQ9VQ
QLASH JC,#80GRQ980
QLASH SPAIN,#2LLCYCOV
QLASH STARS,#V2R22VUY
QLASH ANDROMEDA,#V8UGQ9UG
QLASH Storm,#V92L8CU2
QLASH Storm ARG,#VGR08YLV
QLASH Storm VEN,#20RQC9J8Y
QLASH Storm CR,#20RR228JP
QLASH Poland,#JG8RCL9R
QLASH Poland 2,#JGG2RRJC
QLASH Poland 3,#JR9CC9PQ
QLASH Girl,#C8PCRJUJ
QLASH AZE,#20YJLCGCP
QLASH Bosnia,#22092GJQL
QLASH Estonia,#202QJYGYJ
QLASH Swisse,#UUU8VG8
QLASH Germany,#20CJR2RLG
QLASH Storm GT,#20UVUG2Q8
QLASH Storm CL,#208CGR9CQ
QLASH Storm CL2,#20LU82JRR
QLASH Storm COL,#22CC2G8C
